Year,Average_Land_Temperature (celsius),Average_LandOcean_Temperature (celsius),Average_Emissions (MtCO₂e),Average_Sealevel (mm)
1990,9.234166667,15.62933333,22849.92,-22.84739583
2003,9.525583333,15.82658333,27308.37,14.61927083
2016,9.82,,35160.6,54.34696367
